<kml xmlns="http://www.opengis.net/kml/2.2">
  <Document> 
    <Placemark>
      <name>Mount Hermon</name>
        <Polygon>
          <outerBoundaryIs>
            <LinearRing>
              <coordinates>
              35.684809713412214,33.24549618617554
              35.72370372943735,33.32114127264807
              35.7657727671788,33.37286064511624
              35.83403573408005,33.432498652980314
              35.87054848381792,33.41792425380627
              35.866579706672496,33.395395370236514
              35.794347962625835,33.291289202349205
              35.684809713412214,33.24549618617554
              </coordinates>
           </LinearRing>
          </outerBoundaryIs>
        </Polygon>
    </Placemark>
    
    <Placemark>
      <name>Beit Shea'rim</name>
        <Polygon>
          <outerBoundaryIs>
            <LinearRing>
              <coordinates>
              35.18805995431249,32.701349458597264
              35.183895313129895,32.68928384201116
              35.17973067194731,32.68560637747935
              35.17754594214661,32.68491683601834
              35.17303993693266,32.68675560141539
              35.16826084049362,32.68888162670497
              35.16873875013753,32.6910076013718
              35.17104716932797,32.694404364080434
              35.17066375420133,32.69489912060204
              35.17056151016756,32.69539387438143
              35.170587071176,32.69629733072878
              35.16907279560295,32.69697868339768
              35.17025605575738,32.69979995848211
              35.172622576066225,32.698903798414236
              35.17506798038537,32.70547542994249
              35.18058986110602,32.70428062384206
              35.18805995431249,32.701349458597264
              </coordinates>
           </LinearRing>
          </outerBoundaryIs>
        </Polygon>
    </Placemark>

    <Placemark>
      <name>Ramat Yishai</name>
        <Polygon>
          <outerBoundaryIs>
            <LinearRing>
              <coordinates>
              35.175364846452474,32.70531932917299
              35.17499803325432,32.704109091190006
              35.17479853522846,32.703617479413914
              35.17477508672746,32.703176811139016
              35.174657844222395,32.702762449432704
              35.17434519754224,32.7024072807245
              35.17456405021835,32.7024072807245
              35.17478985172919,32.702262086985364
              35.174689848252534,32.702110613489396
              35.17376981626729,32.70180766572616
              35.1737098141813,32.70142056430984
              35.17322979749335,32.70014143464538
              35.17262977663341,32.69911475152027
              35.17094690903447,32.69955028558547
              35.1698919487618,32.69989479070938
              35.168726768759164,32.70022604438214
              35.16806545037929,32.70042479599562
              35.16787650227075,32.70022604438214
              35.16749860605368,32.69970266301584
              35.166837400506516,32.69877884585913
              35.1660305756672,32.69752954870792
              35.16556051190757,32.696551825696396
              35.16535043333549,32.69630873882201
              35.16512284821573,32.695977255653666
              35.16494778273899,32.69585939467494
              35.16491276964364,32.69596988934706
              35.16454513214249,32.69621297714427
              35.1639761693431,32.69651499439436
              35.16394990952159,32.69653709317741
              35.16326715416232,32.696927504109226
              35.1626456717199,32.69729581474369
              35.16179187737054,32.69781877450996
              35.16076100794408,32.69855615406139
              35.15991913124581,32.69917786149867
              35.15918034149017,32.69951040090833
              35.15866490677694,32.69985739723219
              35.158372827106106,32.699944146102354
              35.1570155156946,32.69885977916483
              35.15572692891153,32.69951040090833
              35.155898740482606,32.69987185538307
              35.15625744197478,32.69974118228018
              35.15642322590457,32.699902932126605
              35.15670914311681,32.6998261009861
              35.156809341809314,32.7000308948882
              35.15651942387908,32.70025763287865
              35.156860885280636,32.70078271416676
              35.155709747754415,32.70160681648436
              35.155655197714744,32.70194051775578
              35.1554409267649,32.70253553017204
              35.1550552390552,32.7027699279134
              35.15515523216513,32.70307644710773
              35.155587746240286,32.7041148139642
              35.15588375339457,32.70505978115317
              35.15616944799435,32.70543240263046
              35.15620515981932,32.70578098260373
              35.1567407701675,32.707025478476595
              35.157126524903624,32.70762001991796
              35.15730508402849,32.707656079094235
              35.15754078207331,32.707589970593276
              35.158889587486414,32.707157779152986
              35.16011145396913,32.706853686256515
              35.162454729189555,32.70617163095554
              35.16259757648945,32.706123551250684
              35.16439513914472,32.70580642951837
              35.165610779532386,32.70580642951837
              35.166826419920056,32.70607433357489
              35.16809994794523,32.7064883655346
              35.169344532151655,32.706951104863066
              35.17050228490181,32.707340778225635
              35.17095414353304,32.707391644796466
              35.17134165564567,32.70731642369034
              35.171854081522355,32.70710317012323
              35.172325745483306,32.706780622231804
              35.17307828477091,32.70631788201915
              35.1733387791397,32.70595255910346
              35.174322868977335,32.70556287967806
              35.175364846452474,32.70531932917299
              </coordinates>
           </LinearRing>
          </outerBoundaryIs>
        </Polygon>
    </Placemark>

    <Placemark>
      <name>Nazareth</name>
        <Polygon>
          <outerBoundaryIs>
            <LinearRing>
              <coordinates>
              35.28092667276666,32.688169925381544
              35.28134066543929,32.69804777275596
              35.28120742973885,32.69863080385255
              35.28126072401903,32.69901201443341
              35.281447253999644,32.69939322338603
              35.28190025538115,32.69972958287442
              35.28200684394152,32.700155636406556
              35.28163378398027,32.700581687904766
              35.28115413545867,32.70091804291401
              35.28088766405778,32.70123197311223
              35.28078107549742,32.701635596030165
              35.28094095833796,32.70228587355816
              35.2817936668208,32.703137954180995
              35.282033491081606,32.70394518095026
              35.28192690252125,32.70477482307598
              35.281473901139734,32.705447500217915
              35.28120742973885,32.70652377309702
              35.28075442835733,32.70715159294785
              35.27715706444532,32.70614259460373
              35.27495972930084,32.70800388949497
              35.27135079473773,32.709545025734045
              35.27208563013937,32.71166972389635
              35.273635464804684,32.71377188867679
              35.27430349698802,32.71492974437633
              35.27387595639068,32.71494098562013
              35.273541940299026,32.71527822227543
              35.2729941539087,32.716244960287334
              35.27201882692105,32.71738030201529
              35.270175058095084,32.718751685622266
              35.27034874646275,32.71989823605898
              35.26834464991278,32.72126958094726
              35.26561907860481,32.72377616505121
              35.26735596228146,32.724810250966755
              35.26775678159145,32.72532728942719
              35.26962727170475,32.726631112231054
              35.27074956577274,32.72709194159259
              35.27439702149369,32.728721684860524
              35.275091774964345,32.729328616119076
              35.27537234848134,32.72983438901143
              35.276387757399995,32.72950844680956
              35.27669704495402,32.732236538249325
              35.27671496006053,32.73363806582496
              35.27665909663242,32.734592914555996
              35.279527631781164,32.735295758165115
              35.28074585902322,32.73541631640538
              35.28189242583928,32.735129990318505
              35.28269860563182,32.73531082795407
              35.28350478542436,32.73603417482714
              35.283934747980396,32.730880200258504
              35.28330771925287,32.73017188221597
              35.28232238839532,32.73136245613081
              35.28124748200528,32.7321762569991
              35.2795097166747,32.72981018572561
              35.28371976670241,32.72877030014118
              35.28430548397122,32.72847069491177
              35.28419839159629,32.72657877164611
              35.28505513059569,32.72468680823245
              35.28668861630887,32.72349785040612
              35.289493758395416,32.7219026944804
              35.2914417737333,32.721531215716354
              35.29250668878466,32.72166232604508
              35.29375341860091,32.721553067451204
              35.29557389826646,32.720869115175475
              35.29724676815033,32.719951235165055
              35.29913783845384,32.71836022076717
              35.299792439712746,32.71701395564568
              35.299961094144265,32.71628664450101
              35.29996283422423,32.71567415864712
              35.29994779798079,32.71536668565633
              35.30000869279727,32.7150251195383
              35.30014063156628,32.7150165803686
              35.300740841956994,32.71517230728755
              35.3012367382627,32.715212981065065
              35.30170038482739,32.715063208792266
              35.30240059178688,32.71477955208
              35.30286739642653,32.71434315537666
              35.30322709003951,32.713975051699876
              35.30338529623906,32.71384612706431
              35.305509022168486,32.715212539679925
              35.305825105678295,32.71425096659652
              35.30569706540113,32.71346094261835
              35.306102526278835,32.71311979373741
              35.30747452858259,32.71338688245632
              35.30700818961717,32.71284405382756
              35.306612316406124,32.71231120577758
              35.30646861437671,32.71186925733622
              35.30665691358769,32.71143564541676
              35.30635959904407,32.71110626572321
              35.30621721892984,32.71097092285364
              35.306452114089986,32.710531716199945
              35.306041820317134,32.70987500427984
              35.30634402032712,32.70904860207193
              35.30684768701041,32.708836702836855
              35.30742690369622,32.70877313296819
              35.308811987075295,32.70894265251731
              35.31062518713519,32.70858242309043
              35.31217940805832,32.70838610878358
              35.31291328893001,32.70796072306338
              35.31335539327665,32.70694680809487
              35.31405485326706,32.70614578813084
              35.31279432732848,32.70470031105044
              35.311141881107595,32.70192265929446
              35.31019428775452,32.70215892352821
              35.30882554180007,32.7027200485764
              35.308790445749956,32.70204079148952
              35.308720253649724,32.69994392178097
              35.307885296180295,32.69667900021092
              35.30639177542216,32.69524756417648
              35.30473230791314,32.694828602945876
              35.30357068065682,32.695072997236046
              35.302750003321876,32.693900210943845
              35.302781120960894,32.6927610422786
              35.30368353249244,32.69268247838652
              35.30408519334873,32.69201597547335
              35.30411973406994,32.690329958174125
              35.30160977499596,32.68998112303345
              35.30521205262662,32.6871388346587
              35.305976695195405,32.68561828185972
              35.30664726682094,32.68426022212893
              35.305739201078026,32.68384868479962
              35.30533161076596,32.68324163416648
              35.3037550990356,32.681314105366965
              35.300841191853564,32.67906586262335
              35.29913760596726,32.67797306954753
              35.29788047180093,32.6775983062501
              35.296470331080506,32.677430741446294
              35.29479001697537,32.67727865395977
              35.29323169441501,32.67667241371547
              35.291699562149795,32.676440939082276
              35.28911981807928,32.67600003335966
              35.28874005879987,32.675261511398936
              35.28830791893019,32.674445823331716
              35.288805534537694,32.673563990016035
              35.28887101027553,32.67270419415249
              35.288229348044794,32.67274828644935
              35.28770554214215,32.672682147995914
              35.286186505024496,32.672792378724445
              35.285453731473964,32.673040577792094
              35.28512877070843,32.67334979702331
              35.285025998468086,32.673666069359804
              35.28443274549981,32.67475844773001
              35.2842245320565,32.67610893662599
              35.283730026543736,32.67662031951875
              35.28377241273055,32.67761929160804
              35.28343332323607,32.6794150347712
              35.28240192602372,32.67996207518305
              35.28125737683395,32.680450051459864
              35.28110056681623,32.68099559283088
              35.28091239479497,32.68154113086961
              35.28083724261953,32.68305277997741
              35.28057901384053,32.68375914374045
              35.28025622786677,32.6850088505575
              35.28017553137333,32.685755949540855
              35.280267847134674,32.68610641253557
              35.27980078425139,32.68614312550453
              35.27941340017971,32.68648490554317
              35.27998902760201,32.68671957040218
              35.280321812205514,32.68681040824656
              35.28060962591666,32.68718889827011
              35.2802948296701,32.68722674718421
              35.28038326356939,32.687428173846534
              35.28052013713695,32.68761869143617
              35.28058330955274,32.68790668236974
              35.28092667276666,32.688169925381544
              </coordinates>
           </LinearRing>
          </outerBoundaryIs>
        </Polygon>
    </Placemark>

    <Placemark>
      <name>Mount Tabor</name>
        <Polygon>
          <outerBoundaryIs>
            <LinearRing>
              <coordinates>
              35.38912413758179,32.691675397891956
              35.39214430526502,32.69174484433221
              35.394735378086146,32.69100870931681
              35.39681223961756,32.69050575833112
              35.39910884494983,32.68830023578533
              35.399746862537285,32.68713781366734
              35.40191446520201,32.686855682973096
              35.40508254057315,32.68406913126018
              35.406089888283205,32.68277191688078
              35.406403457605506,32.68234130481019
              35.4067170269278,32.68102167424378
              35.40648597584821,32.680952219463315
              35.40641646008211,32.68070094381706
              35.4065189831453,32.680341015066254
              35.406327532114844,32.68010214163958
              35.40595785909486,32.67988260902356
              35.40558541712626,32.679793619231425
              35.40499702482013,32.67939122725921
              35.40478863587838,32.67971107743621
              35.404825410397514,32.67991743178124
              35.404212501745285,32.679876160950364
              35.40389378924614,32.679907114075306
              35.40399185463048,32.679680124243326
              35.403513785881756,32.67926741397996
              35.402937651748665,32.67899915128615
              35.40183441617467,32.67995870259304
              35.40133183107985,32.67955631136455
              35.400044722910174,32.679432498314135
              35.39949310512318,32.679184871698446
              35.398671807529205,32.67879279481957
              35.39812018974221,32.678514212833434
              35.39796083349263,32.67787450276215
              35.397115019552565,32.676987155400894
              35.39583403197765,32.67703321747043
              35.3951659700385,32.677183198018376
              35.39471241763585,32.67746178415573
              35.39467564311673,32.67795704625459
              35.391635616201704,32.67857612001656
              35.391402710913866,32.67810149718282
              35.39139294981322,32.67789184708072
              35.39092831466715,32.677911903094504
              35.3906185579031,32.67793195910377
              35.39033262858244,32.67789184708072
              35.38966546016757,32.67775145485822
              35.387616300036186,32.67700937801648
              35.38724697466366,32.67685895628357
              35.38738993932399,32.67611687202735
              35.386889563012836,32.67560543199206
              35.3863653592583,32.67596644879151
              35.38646066903185,32.676658393579004
              35.38667511602234,32.67688904065041
              35.386270049484736,32.67697929369016
              35.385555226183094,32.67574582758745
              35.385388434079374,32.675805997060785
              35.38611517110272,32.67703946233265
              35.385781586895284,32.67699934990882
              35.38495954009839,32.67601658989828
              35.38475700682959,32.676146956644125
              35.384792747994666,32.6765380557401
              35.383696685598814,32.67695923746698
              35.383363101391375,32.67703946233265
              35.38343458372154,32.67785173503967
              35.38296994857547,32.6779119030945
              35.3825234488458,32.67856683707887
              35.38516267590592,32.680551243649056
              35.3835041191522,32.68152865881474
              35.38218511302488,32.680157240140915
              35.38148681566336,32.68113682705675
              35.38109887268473,32.68081029927859
              35.3814480213655,32.68035315838361
              35.381038868783705,32.68007781640695
              35.38144993335533,32.679710198656444
              35.38120586376593,32.67952638921378
              35.38106456031943,32.67961288782217
              35.38049934653344,32.67935339174574
              35.380268122711904,32.67937501644758
              35.380293814247636,32.679980505973184
              35.37990844121173,32.67974263557765
              35.37975429199737,32.68024000022762
              35.380139665033276,32.68095360553987
              35.37959311994868,32.68136287378351
              35.37965559748165,32.681888737174944
              35.37938235803374,32.6823476291045
              35.37890586708594,32.68260240396792
              35.37865595695404,32.68244464653626
              35.37835249465101,32.68291791799524
              35.37819183813765,32.68306816237837
              35.37861133014477,32.68336865038632
              35.37900404606634,32.68353391835972
              35.37936106054048,32.683894501967345
              35.377914294354525,32.685387459097186
              35.377316525730194,32.685840257927865
              35.376714519015806,32.68683843466018
              35.376714519015806,32.68788625679375
              35.37635880714675,32.68930828145011
              35.37635880714675,32.689832179561805
              35.376190820293225,32.690851064371664
              35.37638307731016,32.69093818898681
              35.3769228758577,32.690969304900186
              35.37698942636356,32.69144226544831
              35.377544013912406,32.691933892835834
              35.37852008799837,32.69233217126601
              35.37964405209735,32.692481525219236
              35.38187234111714,32.6925264641479
              35.38641753922088,32.69302264919124
              35.389025115690536,32.6923698598636
              35.38912413758179,32.691675397891956              
              </coordinates>
           </LinearRing>
          </outerBoundaryIs>
        </Polygon>
    </Placemark>

    <Placemark>
      <name>Afula + Hill of Moreh</name>
        <Polygon>
          <outerBoundaryIs>
            <LinearRing>
              <coordinates>
              35.25877850002162,32.597241630716816
              35.25836946404375,32.59821800325285
              35.26119411914516,32.598953641213264
              35.26203228399258,32.599942206883604
              35.26303808180948,32.60078954020494
              35.26270281587052,32.60121320386035
              35.26221484168533,32.602303221650395
              35.26217484606623,32.60238745545811
              35.2725931610701,32.60728549608168
              35.28332167111709,32.61942884551851
              35.29002698989646,32.6215467029119
              35.29790573946223,32.61858168853221
              35.30042023400449,32.61942884551851
              35.30326999448573,32.6182993010887
              35.308634249509225,32.62338213879037
              35.31433377047169,32.6246528031211
              35.31232217483788,32.62789997445667
              35.317015897983445,32.62959410403684
              35.31232217483788,32.63044115680027
              35.30930478138717,32.63269992497048
              35.311651642959944,32.635099803676134
              35.317015897983445,32.64074632317733
              35.322547785976425,32.641169797772534
              35.32791204099993,32.63919356584281
              35.33210286523703,32.63834659593636
              35.33277339711497,32.63806427085222
              35.340316880741774,32.63905240474861
              35.344340072009395,32.6274764370506
              35.351883555636185,32.622252644242046
              35.36465058995231,32.62168857891421
              35.37443852369455,32.61728067936278
              35.37719627206943,32.61236162388785
              35.37816959502528,32.610311937684045
              35.37524962615775,32.60990199481369
              35.37492518517247,32.60785225231451
              35.377358492562074,32.605939116990996
              35.37914291798111,32.604709222704514
              35.37849403601055,32.60361596916187
              35.376554872764544,32.60332885454863
              35.36575109946742,32.608167403781444
              35.36110137425092,32.60916580204311
              35.351026969615205,32.61189214060051
              35.3469429041909,32.61403459891622
              35.34555697511829,32.6112133466742
              35.34301610515183,32.61247805694688
              35.34093721154292,32.61145656157534
              35.33724140068263,32.61311040538514
              35.335682230475946,32.61218620231545
              35.331986419615646,32.61349954066612
              35.32991450361137,32.61330496261877
              35.32409433152816,32.617872122795966
              35.32384560622546,32.620469853079854
              35.318672119929275,32.61749502665095
              35.31698078787092,32.61573522364008
              35.31409557435959,32.610958441114825
              35.304146562251546,32.609449930536364
              35.303123286053335,32.60611803935411
              35.30211731567368,32.60428193459661
              35.30144666875391,32.601739573567876
              35.29942078150025,32.59616555992582
              35.297779194502425,32.58627433926811
              35.296983273533755,32.580909152834025
              35.296187352565106,32.57818452117312
              35.29564015689917,32.5770527267598
              35.295291941475384,32.575711322289905
              35.29459551062782,32.574998693003735
              35.29479449086998,32.57424413817527
              35.29450694425518,32.57417708425473
              35.29336128923923,32.574924516937905
              35.29236346067694,32.57595222670557
              35.2912547622744,32.57682421363573
              35.29029389032553,32.57688649809199
              35.28741127447892,32.57682421363573
              35.28611779300929,32.576294794010806
              35.28323517716268,32.576388221230566
              35.281904739079636,32.576699644593425
              35.280943867130766,32.57769619208649
              35.27639820368035,32.57822560343747
              35.27521559205097,32.57950240618859
              35.27344167460691,32.58031207656125
              35.27203732329703,32.580934894949415
              35.27088807004691,32.58224803939381
              35.27082148380733,32.58331406319672
              35.269733908560845,32.58424916135913
              35.26944536818933,32.58477281206954
              35.26937878194975,32.58535256464517
              35.26957854066849,32.58649335715233
              35.26948975901571,32.586979592168746
              35.269179023231004,32.58731621486579
              35.26829483233024,32.58773575489179
              35.26698934052144,32.588063403511526
              35.26635048282777,32.588203823981914
              35.26554496660531,32.58814531547931
              35.26525490300448,32.588166600550764
              35.26300520512623,32.59029184824669
              35.26286885980027,32.59149804749407
              35.26191444251859,32.5917277978911
              35.26120785356764,32.59241696584636
              35.26184626985561,32.5932211611149
              35.263346068441116,32.59391039728644
              35.26320972311516,32.59471449945321
              35.262391651159426,32.59540372413892
              35.262732514474315,32.596552420167875
              35.26252799648538,32.59729906468994
              35.26191444251859,32.5976436677555
              35.2603464712701,32.59706932857659
              35.25877850002162,32.597241630716816        
              </coordinates>
           </LinearRing>
          </outerBoundaryIs>
        </Polygon>
    </Placemark>

    <Placemark>
      <name>Beit She'an</name>
        <Polygon>
          <outerBoundaryIs>
            <LinearRing>
              <coordinates>
              35.499930231605134,32.482647950743186
              35.49061457186094,32.48662433344542
              35.48522720237033,32.49050587088403
              35.485171083938134,32.49225724148838
              35.48562003139568,32.49344058070385
              35.48707911063273,32.49377191289483
              35.48932384792049,32.49377191289483
              35.490333979699976,32.49400857799836
              35.48966055851364,32.49599654028634
              35.48937996635267,32.49741648645066
              35.488917867727736,32.498901139247124
              35.4878702398557,32.49922838723733
              35.488025443984895,32.49994832862451
              35.48818064811409,32.501617261493074
              35.487637433661924,32.50236990735938
              35.48736582643584,32.50312254692655
              35.48736582643584,32.503286163390214
              35.4878702398557,32.50426785592055
              35.488529857404764,32.50502047960255
              35.489232557526634,32.50563161956232
              35.489087412980254,32.50673326684023
              35.48930512979983,32.507314686350725
              35.48957323381438,32.508101225557276
              35.49083548833267,32.51140984535501
              35.48993685127961,32.51173566641473
              35.48993685127961,32.51195283223027
              35.490323138853775,32.51369013986797
              35.49173952662574,32.51434162157565
              35.49418601459549,32.51336439724348
              35.494803954781226,32.51402966606212
              35.49506740650365,32.51892374704948
              35.49930255824361,32.51885135906796
              35.498901935781724,32.51631774298247
              35.499359790023874,32.51542492791498
              35.5000282411323,32.51513101705291
              35.50136290233332,32.51426666812567
              35.50164162368189,32.51370573673195
              35.503758220955206,32.51234734449679
              35.50514019983113,32.5120466284783
              35.50559805407329,32.51173292280269
              35.50516881572126,32.510815930704794
              35.50534891127106,32.51001556080426
              35.505527747568664,32.509462581020216
              35.50624309275907,32.509227982508506
              35.50707766214789,32.50917771131921
              35.5076737831399,32.50892635495108
              35.50823377209546,32.50849840374947
              35.50880641302472,32.50798795163429
              35.50888589582365,32.50765280521891
              35.50892563722313,32.50726738529679
              35.509263439118605,32.50713332580615
              35.51027684480502,32.5068987212166
              35.51060500985285,32.50663262970879
              35.51116563447808,32.505974830933816
              35.51106813454326,32.5052964709069
              35.511019384575846,32.504762001826634
              35.51089750965732,32.50447420946759
              35.51111688451067,32.504145302786505
              35.51143375929884,32.50400140573524
              35.51158000920107,32.50389862198622
              35.51187250900554,32.50396029224973
              35.51216500881,32.5038369516804
              35.51250625858188,32.50389862198622
              35.51457044351186,32.50524722833631
              35.51536806648735,32.50588252472738
              35.51581119036262,32.50633096653623
              35.51589981513768,32.50700362505597
              35.516431563788004,32.50760153951553
              35.51688729021849,32.50703515810044
              35.51698608323939,32.50675027522773
              35.517142239949834,32.50650033007718
              35.51733663911999,32.50639282657293
              35.51775730617671,32.50639282657293
              35.51798994780656,32.50649226731881
              35.51815566513193,32.506535268688374
              35.51853171598567,32.50648151697322
              35.518913057489534,32.50603200557883
              35.51884562224635,32.50556384707423
              35.51806232048533,32.50509843079929
              35.518026715859826,32.50503837691093
              35.51763506497931,32.50473810686746
              35.51704758865854,32.50434775431193
              35.51699418172029,32.50427268631852
              35.51658472852702,32.503822277042026
              35.515997252206255,32.503251755386465
              35.515712415202245,32.502651202364916
              35.51535046508117,32.501953163180154
              35.51503183649135,32.50097231964467
              35.51484065933746,32.50008552039081
              35.514540328422015,32.49810419026734
              35.51428626217421,32.49671134767371
              35.51428626217421,32.49606848997126
              35.51436665765094,32.49563991561715
              35.514242200490564,32.49501008625506
              35.51349545752827,32.494240288823725
              35.51332951464775,32.494170306912395
              35.512043457323806,32.49378540542696
              35.51154562868228,32.493155563080244
              35.51154562868228,32.492490724707984
              35.51220940020431,32.49193085700467
              35.51241682880495,32.49151095394067
              35.51212642876406,32.490181247975194
              35.51196048588355,32.48941140922322
              35.5115871144024,32.48857157761766
              35.51137968580177,32.487626757691345
              35.511296714361514,32.48682190326214
              35.51113077148101,32.48615701808626
              35.51088185716024,32.485422139281404
              35.510549971399215,32.4847922383863
              35.50955431411616,32.48416233308202
              35.50864162827336,32.48398735860388
              35.50739705666953,32.484582270441436
              35.50648437082673,32.48500220584125
              35.506069513625455,32.48524716725282
              35.50590357074495,32.48528216168576
              35.50453454198074,32.4854571336463
              35.5029580846159,32.4854571336463
              35.50104974149004,32.48531715610508
              35.499930231605134,32.482647950743186      
              </coordinates>
           </LinearRing>
          </outerBoundaryIs>
        </Polygon>
    </Placemark>

    <Placemark>
      <name>Yokne'am Illit</name>
        <Polygon>
          <outerBoundaryIs>
            <LinearRing>
              <coordinates>
              35.107042320459634,32.67749444373685
              35.107408039155644,32.675694781800594
              35.10743617136303,32.67560006174697
              35.10763309681472,32.6748422977023
              35.1078581544738,32.673942444550775
              35.10797068330334,32.672521605330935
              35.108026947718116,32.67178749621384
              35.10860111303139,32.66746439701966
              35.10907779031754,32.66672872270906
              35.11044089020225,32.665500135556016
              35.11093394231452,32.66471611292806
              35.11068741625838,32.66466999373574
              35.11066002447436,32.664070442069814
              35.11068741625838,32.66324028696915
              35.11044089020225,32.66280214644608
              35.111043509450575,32.662317883369035
              35.111372210858754,32.66192585895628
              35.111920046539055,32.6614646515634
              35.11216657259519,32.66088813897559
              35.11246788221935,32.660242440462596
              35.112878758979576,32.65982734609823
              35.11385133058891,32.65798297620063
              35.11387051457283,32.65790222053796
              35.11408153839609,32.65733692885657
              35.113846428642155,32.65661681108187
              35.113645157284026,32.65636650619366
              35.11347564119058,32.65580514176809
              35.11347564119058,32.65575756834966
              35.113645157284026,32.655262803297276
              35.11366775942982,32.65521522959025
              35.11401809268961,32.654939301590254
              35.11471399961916,32.65322839906751
              35.113490821028435,32.65275522024682
              35.11259823124602,32.65226812178623
              35.11251558404394,32.65218461892654
              35.11211887747397,32.65201761297319
              35.111010689766154,32.650899330219104
              35.10971356581447,32.65084561820701
              35.10862908513354,32.650926186213056
              35.107336501073775,32.6513396066634
              35.106687723737764,32.65180526169732
              35.106645180961635,32.65181421657804
              35.10579432543899,32.65213659168709
              35.10516681949105,32.65206495287441
              35.10513491240895,32.65202913344655
              35.10427342119229,32.65150079521879
              35.10365655093837,32.6510261836405
              35.10348322902251,32.64945596408261
              35.10272234359625,32.647149573955474
              35.10104839565847,32.645419742323675
              35.09838529666653,32.6429851077891
              35.095341754961474,32.642024049597815
              35.09275474451217,32.642024049597815
              35.09148589907051,32.641971091535815
              35.094811773103494,32.63758747201222
              35.094956376322315,32.63490848766697
              35.094377963447016,32.63356896541233
              35.09277297504415,32.63455938928355
              35.09059160087554,32.63542047639375
              35.08950091379124,32.63587971946388
              35.087319539622634,32.63496123096629
              35.0858924377699,32.63542709194794
              35.08417952888022,32.63641404191911
              35.08210600759271,32.635730770021745
              35.08102417039922,32.634895652838516
              35.08030294560356,32.63390868611764
              35.079130955310625,32.6338327651497
              35.07651651542636,32.63307355192721
              35.075705137531244,32.63330131657036
              35.07498391273559,32.63330131657036
              35.07363161624374,32.634288289991005
              35.070746717061105,32.63474381251317
              35.06916062499872,32.63541264303889
              35.0699105229122,32.636972814455746
              35.07088097903554,32.637084254230146
              35.07246899814646,32.63719569386572
              35.07374823576358,32.63753001193956
              35.0738805706895,32.637938621222055
              35.0738805706895,32.63868154240876
              35.074409910393136,32.639127292159344
              35.0753362548745,32.63927587491597
              35.07608615278799,32.63868154240876
              35.07683605070148,32.63860725056773
              35.07745361368905,32.6390530006885
              35.07789473010875,32.63975876717057
              35.078512293096324,32.640390237724105
              35.07912985608391,32.64046452808439
              35.07983564235543,32.640241656818425
              35.08023264713316,32.64016736627304
              35.0807619868368,32.640687398795066
              35.08111487997255,32.641021703819916
              35.08182066624407,32.64150458665005
              35.08071787519482,32.64247034448986
              35.08014442384921,32.6430646518238
              35.0795709725036,32.64365895520888
              35.07946077155865,32.645738589255245
              35.078013441316685,32.6478712607455
              35.07680733278172,32.65030853731436
              35.0756391985141,32.65164024184494
              35.074821476936066,32.65301721953463
              35.07412057272633,32.65360734633847
              35.07236831220198,32.6547384118251
              35.0721346774654,32.6547875882608
              35.07108332115079,32.655721935399484
              35.07084968641421,32.65591863881594
              35.06991514746789,32.65690214940618
              35.06839652168012,32.65714802536308
              35.0674619827338,32.65778729968604
              35.0668214935205,32.65767934713389
              35.066424228200155,32.65795806460274
              35.065993857436446,32.65795806460274
              35.06476895603203,32.658459753856704
              35.06374268728781,32.658794211795104
              35.06301436753383,32.65935163891151
              35.06274952398693,32.66041074085586
              35.06268331310021,32.66119112373216
              35.062352258666586,32.66194362933862
              35.061723255242704,32.66269612860951
              35.061789466129426,32.6633928815446
              35.06281573487365,32.66358797139304
              35.06387510906126,32.663365011531496
              35.06420616349488,32.66252890709684
              35.06460342881522,32.661609183184574
              35.065596592116094,32.66074519149427
              35.06662286086033,32.66018777306834
              35.06784776226473,32.659463123917675
              35.06897334733905,32.65901718305881
              35.0706948303939,32.65832039601304
              35.07123662918934,32.65771983788165
              35.07203009006978,32.65668743424657
              35.073184214986775,32.6561712279579
              35.0742301406928,32.65535136478471
              35.07552853122442,32.65447076263127
              35.07653839052679,32.65322575857978
              35.07664658973776,32.65316502623134
              35.07751218342551,32.65222366955535
              35.07805317948035,32.65188963738471
              35.07805317948035,32.651737804167354
              35.07870237474616,32.65110010183892
              35.07877450755347,32.650978634213075
              35.079531902030254,32.65055349622321
              35.08035920933047,32.65041409165798
              35.081323495902346,32.65129616029366
              35.08279968769139,32.65228847710781
              35.083835402898224,32.65262927024078
              35.084431377730084,32.65320789217344
              35.085252573624246,32.65416522020692
              35.08623169180573,32.655149130003934
              35.08721080998721,32.65538845777672
              35.090982919464274,32.65613433505293
              35.09121255821013,32.65613433505293
              35.09309559592611,32.65659834601927
              35.09337116242113,32.65671434838454
              35.0926363184344,32.657062354577185
              35.09291188492943,32.65729435795297
              35.09364672891615,32.65729435795297
              35.094473428401216,32.657371692277756
              35.095208272387936,32.657990364467615
              35.096080899622166,32.65899569764393
              35.0969535268564,32.659769023162575
              35.0975513222221,32.66027289960303
              35.099195636023,32.66015753924557
              35.10074859905718,32.659965271652275
              35.101659567064075,32.66010455803385
              35.10271052029504,32.6607511283268
              35.10323599691053,32.66149978282285
              35.103357260744865,32.66248663598655
              35.10279136285127,32.66364362237115
              35.10238715007013,32.66452836655911
              35.10226588623579,32.66565129849194
              35.10224853101598,32.66709708464356
              35.10195757992529,32.668006815200215
              35.10174975771765,32.668566644785486
              35.101708193276124,32.669266426834724
              35.10141724218544,32.67000119208812
              35.101167855536275,32.67178559683363
              35.10083534000405,32.672975180198534
              35.100752211121,32.6741658825505
              35.10161210835809,32.67470874753945
              35.10376185145083,32.676699224275076
              35.107042320459634,32.67749444373685   
              </coordinates>
           </LinearRing>
          </outerBoundaryIs>
        </Polygon>
    </Placemark>

    <Placemark>
      <name>Mount Gilboa</name>
        <Polygon>
          <outerBoundaryIs>
            <LinearRing>
              <coordinates>
              35.40995962937015,32.48316547529528
              35.40995962937015,32.48423250111498
              35.41185702678434,32.48593971611107
              35.41438689000326,32.48583301612269
              35.41792869850974,32.486366514799336
              35.419067136958255,32.486366514799336
              35.42172349333811,32.48593971611107
              35.42298842494757,32.486579913384354
              35.42608433064614,32.48873597718242
              35.42734283117327,32.48877136189192
              35.429356432016675,32.48901905446887
              35.42985983222753,32.48894828523075
              35.430531032508675,32.489160592778106
              35.4326704834048,32.48940828428353
              35.43380313387921,32.48894828523075
              35.434935784353634,32.487780584765474
              35.43682353514433,32.48530359421933
              35.43971808635673,32.484454324621524
              35.44043123665544,32.483923527052816
              35.44120344012377,32.4834855843696
              35.4420672873407,32.48293269654792
              35.44315798779754,32.482649600114236
              35.44382918807868,32.48218956651023
              35.44466818843011,32.48137565514262
              35.44529743869367,32.48102177833913
              35.44550420759593,32.48039114895615
              35.44647203918566,32.47511183008453
              35.44506989279504,32.47496135930551
              35.44435544621525,32.474683177722966
              35.444053180354565,32.47461363219301
              35.443819611280404,32.47449772285705
              35.44270672333881,32.47435863145689
              35.442390718120826,32.47421953984184
              35.441827404471375,32.4740224930193
              35.441538877968,32.47384862781773
              35.44101678239046,32.473547260672916
              35.44086564946013,32.4733965767222
              35.440444481158096,32.47313481422059
              35.43964284666011,32.472990887909006
              35.439423016943245,32.47295611449711
              35.43913449043987,32.47304884356568
              35.438186474785915,32.473083616941764
              35.43785673021063,32.47324589251927
              35.43756820370726,32.47326907472076
              35.43743081013422,32.47337339455354
              35.43694993262859,32.47341975888489
              35.43652401255218,32.473512487475915
              35.43627670412071,32.4734893053371
              35.43598817761733,32.47332703019834
              35.43564469368474,32.4733965767222
              35.43517755553643,32.47383703679235
              35.43476537481732,32.47404567502082
              35.434380672812814,32.47396453798943
              35.43377614109145,32.474057266019315
              35.43328152422852,32.473987720005844
              35.43211367885771,32.47408044801188
              35.42876151780859,32.47287176876937
              35.42602426081027,32.47196094040322
              35.426425584934,32.47085809379532
              35.426543234205575,32.47000887083232
              35.42650211141445,32.46947110957373
              35.42672828676565,32.468933345103444
              35.427057269094675,32.46834353521731
              35.427530181192644,32.46770167889269
              35.42951598202726,32.46549162261672
              35.43162021875297,32.46332425455453
              35.43224875699571,32.462540300070025
              35.43241272349382,32.461894685370844
              35.432139445996974,32.46106460252896
              35.43151090775423,32.460372860983654
              35.43060909201464,32.45949664740001
              35.429106065782,32.45783642986728
              35.427603039549346,32.45668348302259
              35.42713846780472,32.45735219398979
              35.42653725731165,32.45779031227681
              35.425691327498654,32.45784952869875
              35.42374982684383,32.45691407357201
              35.42295732210298,32.45668348302259
              35.421761697172265,32.456774137746095
              35.420333858133276,32.457375252900135
              35.42066179112949,32.45813619362987
              35.420989724125704,32.45834372180422
              35.421018253597,32.45874567801939
              35.42079842987791,32.45912771281486
              35.420443169132014,32.45949664740001
              35.419896614138324,32.46000392998731
              35.41973264764022,32.46062650016711
              35.41918609264653,32.46244806968206
              35.4178197051623,32.46332425455453
              35.4169452171724,32.463739286519015
              35.41642598992839,32.4642004309031
              35.41613276724526,32.46618337328656
              35.41549552989503,32.467437863755976
              35.41549552989503,32.46842352257899
              35.415920354795176,32.4694091706129
              35.414752086319766,32.47021560188832
              35.41358381784435,32.471201230305255
              35.4131589929442,32.47290365397549
              35.411353487118554,32.4738892529659
              35.41082245599337,32.4749644395585
              35.40997280619307,32.47621880768658
              35.40891074394269,32.47783154102524
              35.40827350659246,32.47980262031112
              35.40780924563408,32.48167161789344
              </coordinates>
           </LinearRing>
          </outerBoundaryIs>
        </Polygon>
    </Placemark>

    <Placemark>
      <name>Tel Megiddo</name>
        <Polygon>
          <outerBoundaryIs>
            <LinearRing>
              <coordinates>
              35.18608740602146,32.587988746839294
              35.186662965153154,32.58743999028698
              35.18682957437549,32.58708265863287
              35.18701132989075,32.58687846847668
              35.18702647618369,32.58653389653333
              35.18699618359781,32.585857510718526
              35.18696589101194,32.585066260457786
              35.186935598426054,32.584275003212824
              35.18684472066842,32.58321572854852
              35.18581477274855,32.58294771731208
              35.18478482482868,32.58350926374528
              35.1844818989699,32.58358583798636
              35.18396692500996,32.58371346157616
              35.18372458432293,32.58381556031718
              35.183255049241815,32.58394318357994
              35.18263405123131,32.584109093549905
              35.182209955029,32.58444091256866
              35.18183129770552,32.58467063270832
              35.18154351813968,32.58482377914105
              35.18110427564444,32.58516835765808
              35.18149807926086,32.58544912435931
              35.18207363839255,32.58593408295375
              35.182936977090094,32.58654665848077
              35.183255049241815,32.586699801708434
              35.18378516949469,32.586929516059335
              35.185723894990915,32.58766970274096
              35.18608740602146,32.587988746839294
              </coordinates>
           </LinearRing>
          </outerBoundaryIs>
        </Polygon>
    </Placemark>

 <Placemark>
      <name>Jerusalem Area</name>
        <Polygon>
          <outerBoundaryIs>
            <LinearRing>
              <coordinates>
              35.15042777628421,31.70487875563481
              35.15042777628421,31.88884252644578
              35.276389261528784,31.88884252644578
              35.276389261528784,31.70487875563481
              35.15042777628421,31.70487875563481
              </coordinates>
           </LinearRing>
          </outerBoundaryIs>
        </Polygon>
    </Placemark>

    <Placemark>
      <name>Ramat HaShofet</name>
        <Polygon>
          <outerBoundaryIs>
            <LinearRing>
              <coordinates>
              35.09582374173479,32.6060653944065
              35.093628304758234,32.606827873775806
              35.08534727054847,32.6119217183394
              35.085372152479415,32.613307861267394
              35.08709706273505,32.613307861267394
              35.08664986377988,32.615029846355036
              35.088055346210396,32.615298903533564
              35.08926917194584,32.612984985376805
              35.09215925357184,32.61364123589504
              35.09262219235217,32.61461609181728
              35.093702382839574,32.61541763206912
              35.09473113568473,32.615894220168634
              35.095451262676335,32.61663076042359
              35.095734169708756,32.617627246418515
              35.09648001552149,32.61838543485445
              35.09723652615032,32.61883075463891
              35.099010838372315,32.61883075463891
              35.10006860142774,32.61865831685862
              35.100170965594394,32.61860083752471
              35.1010581217054,32.61885949423666
              35.101877035038626,32.619003192087064
              35.102627705594095,32.618485878746185
              35.103015642079,32.61844042686534
              35.103432775213335,32.618535019015944
              35.103941830347935,32.618496595820346
              35.10396616151583,32.61681610339453
              35.102457629106716,32.61579139741044
              35.101119414872834,32.61552497193361
              35.10104642136916,32.6148691519978
              35.10136272655172,32.61413134882833
              35.10158170706272,32.61325007596407
              35.10138705771961,32.61206136859391
              35.1009734278655,32.61144651376245
              35.10019483049306,32.61083165470941
              35.09973253830317,32.61060620533222
              35.10002451231784,32.61003233162924
              35.10053474385075,32.60954499222127
              35.10053474385075,32.60903923641083
              35.099544084127054,32.60838174958741
              35.09858344439497,32.60764839320548
              35.098253224487074,32.607269068582745
              35.09771286463778,32.606560991655364
              35.09726256476336,32.606308105681855
              35.09636196501454,32.606358682933674
              35.09603174510664,32.60658628021344
              35.09582374173479,32.6060653944065
              </coordinates>
           </LinearRing>
          </outerBoundaryIs>
        </Polygon>
    </Placemark>

    <Placemark>
      <name>Ein HaShofet</name>
        <Polygon>
          <outerBoundaryIs>
            <LinearRing>
              <coordinates>
              35.09719514968957,32.60056497477165
              35.09912634299346,32.599874474504645
              35.10050583028256,32.599539253007414
              35.10118034284042,32.599539253007414
              35.10166806730534,32.59959170662071
              35.102483663278235,32.5998273347175
              35.1044980554491,32.600534428920234
              35.10550525153453,32.60062870772561
              35.107157561814766,32.600798131250116
              35.10765566339596,32.601095363809364
              35.108195273442256,32.60143630582472
              35.108558472511874,32.60150624248803
              35.1089216715815,32.601488758327314
              35.10937826469759,32.601313916532604
              35.11020843399959,32.60108662168933
              35.110571633069206,32.60050963988188
              35.11077917539475,32.59986271646673
              35.11095558637142,32.59911962299562
              35.11105935753417,32.59847268954345
              35.11081030674357,32.597913175763765
              35.11102822618535,32.5980180848636
              35.11127727697594,32.59806179695227
              35.11166033872329,32.59798886367272
              35.11209706916167,32.59777329677286
              35.111982920882646,32.59752850801336
              35.11189990395245,32.59723126362062
              35.111982920882646,32.596759167558275
              35.11199329799893,32.59606850402281
              35.11209706916168,32.59481830205811
              35.11322708818951,32.59468894922789
              35.112841512494704,32.59439718148901
              35.11271573452978,32.594244851534185
              35.11258209544204,32.59389382934805
              35.112440595231504,32.59360903675277
              35.112189039301654,32.59321165022352
              35.111898177757766,32.593032825710445
              35.11118281558225,32.592748030378864
              35.1113119101999,32.59253808471548
              35.111612697850006,32.59205428086595
              35.11194082983193,32.59129401239691
              35.11184843711223,32.59067212981759
              35.111913485500104,32.590234233466894
              35.111968174163756,32.58991168956601
              35.11207755149107,32.589312676384786
              35.11211654026665,32.58911241574858
              35.11223971493965,32.588701645949115
              35.11216760753415,32.588036735058985
              35.11221867480166,32.587751677512465
              35.11243571068861,32.58731064329562
              35.112566811051714,32.586741819014456
              35.11278487512642,32.58568533203179
              35.112312402964555,32.58559346301005
              35.11182913766901,32.58556981826207
              35.11087168674176,32.58595767161589
              35.11001857341555,32.586495492156224
              35.10969328560052,32.58673854461097
              35.109127242480795,32.58702064389497
              35.10796882059575,32.5873459955222
              35.10719653933905,32.587717824507266
              35.10454871788751,32.58869386825428
              35.10316911678213,32.589603411111604
              35.1027885914136,32.589758545673156
              35.10205209070033,32.58999641814599
              35.101739077897186,32.59009984076335
              35.1017697654269,32.590006760413104
              35.10184341549823,32.58987231084763
              35.101806590462566,32.58975337452543
              35.1013769650465,32.58957755532524
              35.10122310456153,32.58933642207427
              35.10112348177182,32.58900999807869
              35.10094637459012,32.588674246442984
              35.100983075700064,32.58838862918404
              35.101046923100874,32.58813731796492
              35.100915423892616,32.587935869576015
              35.10041149686948,32.58757838881862
              35.100030792855236,32.58737181167845
              35.09941856382516,32.5867882491525
              35.098535956674645,32.586741770131695
              35.097556216845256,32.58714014401365
              35.09724540053483,32.58747253656337
              35.096994356591786,32.58776463808949
              35.09686285738353,32.58839920019363
              35.096599858967004,32.5894064324038
              35.09719758264091,32.58951722725588
              35.09765185263308,32.589718672090605
              35.096494927639085,32.59190079430155
              35.09401259502827,32.59659478347676
              35.0937132965112,32.59728442182476
              35.09362645439992,32.59808193667445
              35.09373678029373,32.59863961275988
              35.094855901718155,32.59936567673236
              35.09468421379364,32.59972124918213
              35.09527081420238,32.60014311297014
              35.09600048788153,32.60043841643978
              35.096508397991535,32.60054086843652
              35.09719514968957,32.60056497477165
              </coordinates>
           </LinearRing>
          </outerBoundaryIs>
        </Polygon>
    </Placemark>

    <Placemark>
      <name>Ein HaEmek</name>
        <Polygon>
          <outerBoundaryIs>
            <LinearRing>
              <coordinates>
              35.0779266725905,32.62863310155035
              35.07780098453981,32.62961285906206
              35.07734931257631,32.63070015764942
              35.076371734986864,32.63186972415843
              35.075228335344505,32.633314087948385
              35.075568142644705,32.63350183479615
              35.076085885076274,32.63358490356339
              35.07751513462922,32.63373535632865
              35.07865853427158,32.63370526579585
              35.07964569695094,32.633948111551675
              35.07969721839524,32.633811749445876
              35.07985178272817,32.63378695631341
              35.080418518615495,32.634326205394444
              35.08095070764481,32.63459599972231
              35.08253743360473,32.634712193095126
              35.08255297845089,32.63480966732468
              35.08264866113316,32.63488404585133
              35.0831933164015,32.635113379252516
              35.08371023105337,32.63517696507745
              35.084209024874895,32.635162964775496
              35.08457703519135,32.635082388286705
              35.085158491491335,32.634853054806065
              35.08572522737867,32.634412980805045
              35.085975474393855,32.63432620539443
              35.08646860821789,32.63420843863113
              35.08698716510103,32.63404407914073
              35.08778052808099,32.63376811757323
              35.087984810721665,32.633737370027816
              35.088435914890525,32.63352120387032
              35.08884595486216,32.63340266188149
              35.08921203084919,32.63337596019738
              35.08992790519251,32.63335307538294
              35.090553522730474,32.63335307538294
              35.09155762574646,32.6331580942459
              35.09190256617253,32.6329111788596
              35.09263646112156,32.63247910883596
              35.09193706021514,32.63237377242821
              35.09121268532039,32.63233019879231
              35.091298920426915,32.63209780570916
              35.091333704601325,32.63182827713858
              35.09107470914996,32.63151682036073
              35.09067802765998,32.631255375723256
              35.090060388906394,32.63092950177422
              35.08951573363805,32.63078073808453
              35.08905680765746,32.63068890972156
              35.08902996002035,32.63050180549981
              35.08908884167097,32.630365438141936
              35.08920660497224,32.63021667351456
              35.08945348914743,32.63010791522559
              35.09041516442259,32.63007953367808
              35.09095188527577,32.630137857516715
              35.09152323328077,32.63006495271249
              35.09173099619168,32.62987539994349
              35.09205995413395,32.62955461741972
              35.09226109059875,32.62921870441157
              35.09226771704486,32.62897137352147
              35.09212920843759,32.628854724285674
              35.09212920843759,32.628533938103224
              35.09240622565214,32.628446450763
              35.09247547995577,32.628344382091306
              35.09241565493166,32.62822072417944
              35.09255549885191,32.62805335994525
              35.09250397740761,32.62787359801174
              35.09232733245572,32.627799213657774
              35.09178293691941,32.62792152492557
              35.09103845315532,32.62792152492557
              35.090774328920304,32.62789219409057
              35.089861129993494,32.62781945565519
              35.088908883318496,32.62790694360836
              35.08833753531349,32.628125663117096
              35.08825096743394,32.627863199642455
              35.08787006876395,32.627571572656755
              35.08780081446031,32.6272070375883
              35.08776618730849,32.62687166401392
              35.08818171313031,32.62679875654885
              35.088562611800306,32.62679875654885
              35.08915127338122,32.62666752296204
              35.089774562113945,32.62643421833259
              35.09039785084668,32.62623007628293
              35.09065501214563,32.62596789072916
              35.09072926855655,32.625373764906755
              35.09048793522107,32.62510797049885
              35.0900609608583,32.62474836504357
              35.08998670444739,32.62409169048415
              35.09003237821124,32.62339631260267
              35.08981962752282,32.62324738754295
              35.089633986495535,32.62316921094186
              35.08922557623549,32.62318484626754
              35.088161496433486,32.623581690893886
              35.08695092587141,32.623581690893886
              35.08666373005887,32.62282523308589
              35.086311012107025,32.622184179918044
              35.08582834543606,32.622184179918044
              35.085568447997865,32.62241871209738
              35.08527142235419,32.6226845144911
              35.08463983661654,32.623303623313085
              35.08330362746491,32.62459201439497
              35.08243879923095,32.625157390868075
              35.08161429411656,32.62593662104735
              35.079577450629685,32.62534276551197
              35.07877398639901,32.626999784099766
              35.0779266725905,32.62863310155035
              </coordinates>
           </LinearRing>
          </outerBoundaryIs>
        </Polygon>
    </Placemark>
                            
    <Placemark>
      <name>Kibbutz Dalia</name>
        <Polygon>
          <outerBoundaryIs>
            <LinearRing>
              <coordinates>
              35.08299401088033,32.595158360642955
              35.08281189241661,32.59476381410451
              35.08244765548915,32.5941500715918
              35.08216146933186,32.593251369614144
              35.08171918163423,32.5924841778682
              35.08151104624711,32.59171697955442
              35.08127873713011,32.59061236699957
              35.081187242760876,32.589513860167735
              35.081050001207025,32.588608063704704
              35.08107287479933,32.58791425596747
              35.080638276545464,32.58793352847713
              35.07972333285311,32.58816479826988
              35.078877009937685,32.58837679505568
              35.07800781342995,32.588415339871965
              35.07748172080685,32.588415339871965
              35.076932754591446,32.588280432942476
              35.0768412602222,32.58826116050741
              35.07665827148374,32.58793352847713
              35.07633804119141,32.587548077496514
              35.07606355808371,32.58735535138461
              35.0755145918683,32.58735535138461
              35.07542309749906,32.58739389664014
              35.07496562565289,32.58752880490397
              35.07459964817595,32.58725898817327
              35.07431869847117,32.58675654101495
              35.07387541144782,32.586609403187595
              35.073633618526,32.58653017502667
              35.073364959723975,32.586575448270054
              35.07312316680215,32.58658676657732
              35.07251868449759,32.58648490176041
              35.072102263354445,32.58620194332824
              35.07172614103161,32.585669979057684
              35.071538079870194,32.585443610325456
              35.07087125262961,32.586025529918466
              35.07067837170371,32.58634908182444
              35.07046344466208,32.586405673489445
              35.070020157638744,32.58633776348715
              35.06967090119611,32.58621326168268
              35.06865251417566,32.58558225171226
              35.06805780077563,32.58542806747454
              35.067062188179214,32.585343424993
              35.066702221433715,32.585443610325456
              35.066406696751486,32.58552283944676
              35.066164903829666,32.585488884117645
              35.06562758622562,32.5853870180531
              35.06510370156166,32.58530778881175
              35.06514400038197,32.585760526390516
              35.06510370156166,32.58614535153463
              35.06503653686116,32.5865075383964
              35.064915640400244,32.586575448270054
              35.06452608513731,32.58689236033352
              35.063102193486564,32.58882776326188
              35.06272607116372,32.58907675943489
              35.06531862860327,32.59010669080227
              35.06564101916571,32.59012932652359
              35.06593654384793,32.59015196223917
              35.066379830871284,32.59021986935166
              35.066608190853,32.59021986935166
              35.06684998377483,32.59033304775813
              35.06764146266067,32.59027363786218
              35.0685694001078,32.590638628741694
              35.069106717711854,32.59115924579545
              35.06991269411793,32.591283740729814
              35.07042314584179,32.59141955318824
              35.070839566984915,32.59170249514894
              35.07169584202745,32.59215566150765
              35.07247709728399,32.59241253059708
              35.07310591249048,32.59254096486569
              35.073810947721995,32.592524910592196
              35.074306377884675,32.592396476300564
              35.07474464302859,32.59258912766898
              35.074973303103675,32.59270150744263
              35.0757963218823,32.59268712620877
              35.07607841362443,32.59274371387199
              35.076333639486364,32.592913476647226
              35.07647864859799,32.593102862626694
              35.077382648826124,32.59318543181972
              35.078949025708,32.59368929676615
              35.07967771466785,32.59389978646137
              35.08083320716134,32.59428568295181
              35.08084361700362,32.59430322366188
              35.08154107643663,32.59459264488251
              35.08187419138971,32.59493468693808
              35.082186486658216,32.59529426820416
              35.08263410987641,32.595609996906596
              35.083191063695494,32.595743386900274
              </coordinates>
           </LinearRing>
          </outerBoundaryIs>
        </Polygon>
    </Placemark>
                            
    <Placemark>
      <name>Tel Aviv Area</name>
        <Polygon>
          <outerBoundaryIs>
            <LinearRing>
              <coordinates>
              34.80593571334088,32.194797187182
              34.807556582256595,32.19442900760618
              34.81263246122946,32.19402473027775
              34.817605969533986,32.19370708254548
              34.818160477320944,32.19336055648216
              34.819260962005814,32.19350494250222
              34.82037850846875,32.1938442487477
              34.82065149691771,32.19491991337625
              34.821052448702126,32.19494157092277
              34.82144486959751,32.19453729587135
              34.8226306631727,32.193577135426345
              34.82391029652722,32.1925519905365
              34.82652074857041,32.19196721961736
              34.828320766155755,32.19152683409927
              34.83068382241708,32.191541273002485
              34.83297863156617,32.19151961464678
              34.83544405849584,32.19145463954874
              34.83633127095497,32.19108644645028
              34.83715023630185,32.19107922696287
              34.836854763193784,32.18827139987972
              34.83685087155781,32.18830311568654
              34.83603855192691,32.18805211027749
              34.83612924206767,32.187032406687415
              34.836595648505885,32.186944689716
              34.84316420584403,32.185683748911295
              34.84277553381218,32.18454340479597
              34.842244348701996,32.184357001034215
              34.84214070282684,32.18331532592806
              34.84276257807779,32.18305216401541
              34.843902682704524,32.18300830362268
              34.844926185721704,32.182832861840446
              34.84663634266181,32.18167055149426
              34.84753619573785,32.181328097347624
              34.849007242056054,32.18121000932818
              34.85054355347487,32.181085684865046
              34.85195878064523,32.18154911993102
              34.85285172159795,32.18154911993102
              34.851958780645234,32.177420899883124
              34.85271693805793,32.17749933067819
              34.85426846384135,32.17766270414172
              34.85494086646849,32.177741752708606
              34.85492401852598,32.1782337248453
              34.857889256406736,32.1783121549403
              34.85790610434924,32.17767758223394
              34.856575116891406,32.17745655025289
              34.85654984497764,32.17637277277501
              34.85730190896583,32.17623403754373
              34.85702283574136,32.1725218813279
              34.86486256270084,32.17031889807417
              34.863674009338375,32.16673991281929
              34.86460659786076,32.159173606862794
              34.86181037277608,32.15925385115606
              34.8605723138031,32.156400574674244
              34.8604509614168,32.153430500585436
              34.862635304369775,32.15315029992068
              34.857536251193444,32.150081617207384
              34.85561893003598,32.14805049732884
              34.85547551357947,32.145229604855196
              34.855420353403865,32.14471585676475
              34.85514455252597,32.144071332339344
              34.85481359147249,32.14362296483463
              34.85540273103412,32.14317003835832
              34.855563769860375,32.14308118449154
              34.85643530063454,32.14168935471534
              34.859469110291435,32.13926060758426
              34.85977800727468,32.13735492993415
              34.85988832762584,32.136831795770405
              34.860645280241634,32.135043656145214
              34.863282065421245,32.13501181555346
              34.86327266511758,32.1341162943578
              34.86347947179833,32.13311330018096
              34.86447120383558,32.132321245399005
              34.86632776381052,32.131612768460634
              34.86488481719708,32.12974204448205
              34.864007246567084,32.1301723589118
              34.86281675038955,32.12935595411953
              34.86366360047011,32.128132319445136
              34.863986612398705,32.12762436086317
              34.86439869100692,32.12636592644697
              34.8644532119059,32.12576605622803
              34.86449421630221,32.124637456828935
              34.864521552566416,32.123806914509125
              34.865379227855875,32.12330048255541
              34.865259631699985,32.12294453155743
              34.86526304873301,32.12259147309848
              34.865340948003265,32.12248764411927
              34.865433900384296,32.12227314053006
              34.86561158610162,32.12224709508897
              34.86582685918225,32.12218053448349
              34.86631891193795,32.122276034467525
              34.86675970919827,32.12221236782262
              34.867039905906374,32.12206188284896
              34.867569546025365,32.12198953421562
              34.86779848723808,32.12190271577989
              34.86787366196465,32.121734866569945
              34.86790783229491,32.12157859289007
              34.867853159766504,32.12134128790153
              34.867497788331825,32.12115607382319
              34.86730985151541,32.121002693130016
              34.86705357403848,32.12043836571924
              34.86718683832649,32.119853776721776
              34.86707065920362,32.11968592374345
              34.8666537811745,32.11917078681353
              34.866452176225984,32.11889295894779
              34.8661617284188,32.11834019474141
              34.865697011927296,32.11816076270863
              34.86514345257714,32.117804791664085
              34.86493501356258,32.117489336488724
              34.86475732784523,32.11700891642074
              34.86465823388749,32.1169018344947
              34.86451471850041,32.11682079944015
              34.86435411794821,32.116812117108594
              34.864159347065744,32.116829481770864
              34.8635032767248,32.11713625692601
              34.86331533990838,32.117220185798274
              34.86306589649751,32.117252020867554
              34.86280620198756,32.11720571530856
              34.86231073219882,32.11682079944015
              34.861582904164344,32.11636063473044
              34.8614974783387,32.11616672815174
              34.86162732559368,32.115859949738116
              34.86187335197153,32.11579917276024
              34.86213646351451,32.11581074933058
              34.86237565582631,32.115776019615154
              34.86256359264272,32.115700771853085
              34.86259776297299,32.11560526498883
              34.86256359264272,32.115289802211905
              34.86246449868498,32.11501775086824
              34.86239846087356,32.114841701747004
              34.86227950476809,32.11467057980407
              34.86203706241498,32.11433360530847
              34.861912251394884,32.11411882929878
              34.86178652680198,32.11389297532321
              34.86167599638448,32.11374568210596
              34.86156988718366,32.11368451790352
              34.861281034359266,32.11374068911136
              34.86100691892388,32.11366080116094
              34.86079322678338,32.11347106699851
              34.86079175304448,32.113266353380986
              34.86084192878386,32.11237697742979
              34.86085974405249,32.112258775022994
              34.86099038935576,32.11195446599494
              34.86112845768763,32.11168159298738
              34.85795659878292,32.111515883200404
              34.857890403233206,32.112665066916556
              34.85728772902944,32.11481389677743
              34.85638191330998,32.11518069056175
              34.855234306143515,32.11518986038748
              34.85521265317811,32.114425705083725
              34.8546244142846,32.11436457238311
              34.8542021814592,32.114083361432854
              34.853787166288946,32.11379603630636
              34.85360311608301,32.11365237340398
              34.853213362705716,32.1133436502318
              34.852560164915985,32.11327640346175
              34.85222815277978,32.11363097678215
              34.851614652093296,32.113637090103175
              34.851076936785745,32.11364320342381
              34.850979465819314,32.11322684304774
              34.85081747942916,32.11262467520624
              34.85000406025014,32.10952321998819
              34.849660539827426,32.10816248160452
              34.849317019404715,32.10669046504759
              34.84813095584198,32.10230604633415
              34.847981493648916,32.101750168632286
              34.84789751013091,32.10143846566387
              34.84786263561921,32.101304017053174
              34.84775587690989,32.10091513991261
              34.847686127886455,32.100655887565715
              34.84758092917698,32.10025894755093
              34.84747848820481,32.099893292016
              34.8474171391861,32.09965532308177
              34.847352561271684,32.099414618241724
              34.84726053774363,32.099079545107145
              34.84716528531986,32.098734897172065
              34.84703422923642,32.098254102137105
              34.8467571528961,32.097212658011365
              34.8466326195983,32.096725503694564
              34.846563027461286,32.09643383043983
              34.846475121604016,32.09615146501882
              34.84637256477056,32.09576049607193
              34.84635058830625,32.09572636378286
              34.846266345192966,32.09515852473931
              34.84616012561543,32.09435175281541
              34.846050243293845,32.09359462191406
              34.845797513954246,32.09168004569815
              34.84571693358506,32.09110907841193
              34.845672980656424,32.09083910894184
              34.845585074799125,32.09013780521165
              34.845577749311026,32.089402361447014
              34.845566761078835,32.08796869456037
              34.84557408656691,32.086863948887974
              34.845555772846645,32.08588332075392
              34.84552647089422,32.08519439216419              
              34.84532501997131,32.083987202968245
              34.844977059286265,32.08202277103998
              34.84399716715189,32.076614846828214
              34.843171279610665,32.07290787581402
              34.84302409173204,32.07230504575892
              34.8442015947611,32.07218725091613
              34.844831231797485,32.07384329389294
              34.845861546947916,32.07386408085265
              34.84636852741877,32.074868778271465
              34.848617231120095,32.07385715186661
              34.85091499744764,32.07279008174788
              34.85036713145493,32.070545036420995
              34.84995009913212,32.068888933708
              34.847495287755244,32.06891915592456
              34.84684279947209,32.06984518077475
              34.847251654690524,32.07077370096624
              34.84555899408624,32.071480478672704
              34.845101076241605,32.0708429931398
              34.8444550849965,32.069921402936735
              34.84421634007961,32.06962417447904
              34.84421634007961,32.06927166588122
              34.84431421911471,32.06875326841594
              34.844604911257264,32.06534092476145
              34.84651924136678,32.06586707008061
              34.84848531012789,32.066853584395794
              34.85272787955979,32.06755509921247
              34.85647893180139,32.06814699815341
              34.859712597526915,32.068322374881674
              34.866283406281184,32.0706022417431
              34.86642761703797,32.055743214610814
              34.86679268505708,32.05529457353825
              34.866993472467584,32.0550083703254
              34.86695696566568,32.05389448983973
              34.8663728568351,32.05369337108461
              34.86670141805229,32.05205346319959
              34.866792685057064,32.05152744878476
              34.86688395206184,32.05110199373741
              34.86686569866089,32.05013504309159
              34.868462871244496,32.047164506804975
              34.86719425987809,32.045818450807644
              34.86582525480643,32.04592675489606
              34.86619944952599,32.042700785323966
              34.866929585564215,32.03810532299933
              34.86713037297473,32.03702218381023
              34.86626333642934,32.033842322596364
              34.866190322825524,32.03248833357236
              34.86882793926359,32.03282102987345
              34.86893767712749,32.03122818843733
              34.86895571307028,32.03089446941117
              34.86888962944146,32.03045426072725
              34.86879143246168,32.0299195679509
              34.868490251345904,32.02961007325366
              34.86805216972298,32.02909940471671
              34.86792439591629,32.02892918123829
              34.86739504728858,32.02827923413799
              34.867586707998605,32.02717276596533
              34.86854463475361,32.026863745200785
              34.86889515513514,32.02749080116964
              34.86979879024718,32.027613485531006
              34.86998208989623,32.028186010377915
              34.86998208989623,32.028802152167444
              34.870818193558605,32.02892483477231
              34.87088250922494,32.02816419997313
              34.87226851183449,32.02820509447783
              34.872885942231335,32.027564411806175
              34.873381172862125,32.027027325432606
              34.87402424325922,32.0258898150975
              34.87401468217556,32.02481624125396
              34.87327826779602,32.024838052455934
              34.873265539378295,32.02428955634683
              34.87365216795899,32.023505204519296
              34.87406225593517,32.02335229574072
              34.873639285614175,32.022660562363114
              34.872492756926825,32.02274793949903
              34.87247987458201,32.021626593260265
              34.8714020517336,32.02157380227112
              34.8713956105612,32.021151473262925
              34.872290933524916,32.02093484685245
              34.87120022833171,32.02010656467743
              34.870974787297676,32.0200028013277
              34.8703757582644,32.01970243307398
              34.87019755249464,32.01906528503361
              34.869944199713544,32.018799501970015
              34.867813953640955,32.019354020987926
              34.86736398991557,32.01948119100447
              34.86461078721224,32.020265111866365
              34.86389988561871,32.020275564099194
              34.86357936351295,32.020284274292315
              34.86255874971933,32.01997276082334
              34.86204068528278,32.0197869250132
              34.86165863790876,32.01962597953215
              34.86119579529834,32.019355521475745
              34.86074546194767,32.01908859803601
              34.859765569934616,32.019374966199244
              34.8591171733047,32.019385572410336
              34.85868768872026,32.019390875515406
              34.85787458683709,32.01919996353917
              34.8573700466942,32.01880399669072
              34.857303330642246,32.01843984709638
              34.85726997261627,32.018250700862225
              34.857186577551346,32.017715079034055
              34.85683214852535,32.01731557028531
              34.85670914080456,32.01718475730762
              34.85608784757076,32.016493566717166
              34.854263580525206,32.015770551031835
              34.85268297325048,32.015698382380464
              34.852314379958656,32.01551483206163
              34.85203354697442,32.01549994958724
              34.85135486726249,32.01610516826324
              34.85071714236077,32.01650699156967
              34.85015547639229,32.01664093228026
              34.84976933103895,32.01668061837912
              34.84937148431127,32.01669053990116
              34.84902044308097,32.01669053990116
              34.84855238810722,32.01672526521981
              34.84829457875205,32.01686656279852
              34.848283256497346,32.01702291026844
              34.84847047848684,32.017246143420444              
              34.8486869539122,32.017231261227224
              34.84889757865038,32.01728582925719
              34.84919596369614,32.01750906176866
              34.8493480815626,32.01782654707044
              34.84947679668038,32.01813907058998
              34.84956455698796,32.018357340352374
              34.84955285561361,32.01849127835822
              34.84940628768224,32.01884490140164
              34.84938318568563,32.019081595384286
              34.84942518257357,32.01930949421624
              34.84944754324452,32.01954293293355
              34.84941828980867,32.01979592350662
              34.8493071267524,32.019959622916936
              34.849213515757654,32.0200538739599
              34.849026293768155,32.02015308547933
              34.84841220282697,32.02022649178736
              34.84820541008041,32.020182969773714
              34.847884221346405,32.02012825635579
              34.84774929274581,32.020048673144125
              34.847347440174495,32.01968184338419
              34.847103982047344,32.01954008504963
              34.8469652827974,32.01953883994608
              34.846794526235115,32.01961345123262
              34.846328706731576,32.02015144104676              
              34.8461910659874,32.020325728032596
              34.846087267203714,32.02048517558456
              34.846009112825406,32.02058871280737
              34.845922410311985,32.02072124028183
              34.84575621821486,32.020985060440914
              34.845683296515,32.021078798028974
              34.845652716447304,32.02119846289565
              34.84564565950861,32.02132211642701
              34.84575621821487,32.021525546067096
              34.845977335627396,32.021902488029774
              34.845977335627396,32.02206203971611
              34.84591147086622,32.02216175937897
              34.845388093245994,32.02231905980171
              34.845221773312716,32.022366064109455
              34.8448788055035,32.0224469570156
              34.84474942829405,32.0224589233306
              34.844600367335495,32.02246936805681
              34.84427864422351,32.02240213604101
              34.84380144619569,32.02228940038906
              34.843627645813825,32.02228239890022
              34.8434290233292,32.02228431981815
              34.84326438568036,32.0222881616539
              34.8431299567744,32.022264470330924
              34.84301818442564,32.02219787847133
              34.84300232483561,32.022165222830196
              34.84289130770541,32.021912301293824
              34.8428860211754,32.02188156647727
              34.84286714071107,32.02169715736137
              34.842775759263766,32.02153259752444
              34.842713831340795,32.02144423453282
              34.84264057513925,32.02137444051543
              34.84252200582333,32.0213116898856
              34.84229921634438,32.021301444880734
              34.84213684435123,32.02136163426795
              34.84199814528221,32.021455911114536
              34.841852650565976,32.02158161833372
              34.84156720378935,32.02183420708442
              34.841464664656,32.021905871672914
              34.84118891752714,32.02210794201398
              34.840860515167634,32.022234823163146
              34.840689039154434,32.02221529529983
              34.84065405123698,32.02221250149224
              34.84052795581624,32.02214436162107
              34.84042408501773,32.022044174463176
              34.84036777986608,32.02186471479351
              34.84033858460227,32.021748905657496
              34.84028436482662,32.02168967497409
              34.84024700320216,32.021645920937935
              34.84010205421903,32.02150499065092
              34.83996793282546,32.02137692351138
              34.8399288683419,32.02134490669851
              34.839719222280124,32.021219047394695
              34.839612446025065,32.021213527245834
              34.839354620433554,32.02139900406545
              34.83923221838506,32.02153369533006
              34.83913325502671,32.02172800369078
              34.839021643002106,32.02206336792053
              34.83901596913237,32.02250367606071
              34.8390376672901,32.022925123644654
              34.83899198340038,32.02308194318199
              34.838922103790665,32.023205619848284
              34.838710717971296,32.023378915015954
              34.838125573998106,32.02371269800901
              34.83789549981932,32.02377476364514
              34.83761761801898,32.023820362861194
              34.83736364002944,32.02378996338635
              34.83714999972057,32.02378869674135
              34.83702002274944,32.023840629172184
              34.83693635941171,32.02392676094377
              34.83688015223943,32.02409345631038              
              34.836935593546826,32.0243380264638
              34.83695638403711,32.024623724704995
              34.836954908752986,32.024925869027534
              34.836954908752986,32.02504338968456
              34.83703237041421,32.025230039829935
              34.837081293568666,32.02532682123708
              34.83710758247032,32.02547437558311
              34.837087338582855,32.025585935138025
              34.83695575331434,32.02568033157836
              34.836783680270905,32.02574898347387
              34.83661160722747,32.025826216794805
              34.83641929029656,32.025877705639246
              34.83618648559074,32.025929194454754
              34.83584233950386,32.02595493885166
              34.83558929091057,32.02590345005063
              34.83534763619831,32.02584765717319
              34.83528563259861,32.025834798270886
              34.834999355248314,32.02575692995596
              34.83482229621787,32.02574208367548
              34.83463940007653,32.0258080671258
              34.83448958089693,32.02595323054922
              34.83440980704805,32.02602911133807
              34.83422496520306,32.02619736851523
              34.834020666321784,32.02637057411005
              34.83366265685363,32.02662130924802
              34.83349338063772,32.02670543733132
              34.833347452865375,32.026781317497054
              34.83312564265141,32.02682090712378
              34.83288242969751,32.02681760798887
              34.83283945279662,32.02680034925536
              34.832707316370694,32.02677471922427
              34.832506230940105,32.02670618069572
              34.83213333379947,32.02662790753184
              34.83183369544026,32.02661636053481
              34.83156907974641,32.02661306139254
              34.83125971286904,32.02654377937733
              34.83100287998972,32.02655037766674
              34.830783015479376,32.0266345058152
              34.830598173634414,32.026736779146525
              34.83046781149112,32.026844001064795
              34.830391929049505,32.02702875238336
              34.83023043564811,32.0272332980514
              34.83013898757744,32.027277836160486
              34.83005337661767,32.02731412645559
              34.82981016366376,32.02738340788815
              34.82959419056069,32.02738010877351
              34.82940740301209,32.027353715852044
              34.829292606497845,32.02726793880477
              34.82914278731824,32.02710793140581
              34.82898323962046,32.0268374027965
              34.82888984584616,32.02670048862263
              34.82876337511013,32.02652563407892
              34.82861744733779,32.02642336051185
              34.82849292230539,32.02638212113798
              34.82828473201685,32.02618582146386
              34.82705893872916,32.026207265986535
              34.82700835043475,32.026136334084654
              34.82557516509039,32.02392677686682
              34.82395183235864,32.02143308949082
              34.82203538293014,32.01848360064358
              34.81935418569896,32.015632673846156
              34.81428225429121,32.010026061718264
              34.81405666091416,32.01046603481951
              34.812432388599426,32.00953826298504
              34.81213911720925,32.00697010331427
              34.8099113826109,32.001154414367015
              34.80979858592237,32.00089614330923
              34.809386878009256,31.999791308905134
              34.807390376622386,31.99406126152576
              34.80473401460767,31.992855897134362
              34.80031238441757,31.995213995985427
              34.797690533443976,31.989487230711585
              34.7970685633183,31.98817343564491
              34.79591514113366,31.987782121358112
              34.79422049777008,31.987812222516357
              34.79219757270779,31.988421768845736
              34.791395333209636,31.98861353198453
              34.79070699634611,31.98886575683242
              34.78862196393542,31.989272116835085
              34.78612879752094,31.989083987428003
              34.78478018081275,31.990002055281785
              34.783449309061254,31.99041593532572
              34.781852262959454,31.990716937821116
              34.78084080042831,31.990859913660394
              34.779226009369815,31.990859913660394
              34.76516924622121,31.996295229640044
              34.76191466667681,31.991946585974063
              34.738242206028424,32.00382023957217
              34.73851853825389,32.00486171478364
              34.73870275973753,32.005486594231385
              34.733913001162755,32.00582506882046
              34.73768036337239,32.01775890130729
              34.73882749783862,32.020312037171756
              34.7382539306055,32.02420239311155
              34.74078004424196,32.02912842084272
              34.74051033011413,32.03027170301193
              34.74116963131551,32.030703605895006
              34.741199599551926,32.0307798238394
              34.741679091334746,32.03144037670051
              34.74224848782685,32.0325582245347
              34.742428297245404,32.03321876456842
              34.742488233718255,32.03357443799772
              34.74278791608252,32.03395551513899
              34.74275794784609,32.03441280561518
              34.74326740786534,32.03489549864036
              34.744642537371725,32.03633360368343
              34.74427795715983,32.03687445529686
              34.74537169779551,32.03849699096832
              34.744642537371725,32.03988771294384
              34.745098262636596,32.04127841379358
              34.74564513295443,32.04290087141693
              34.74600971316632,32.04405975211364
              34.7447336824247,32.04498684610739
              34.74427795715983,32.04545038958299
              34.74446024726578,32.04575941726253
              34.74500711758362,32.046454725726754
              34.745280552742535,32.04684100592453
              34.745736278007406,32.04823160113778
              34.746647728537134,32.048849636672735
              34.74701230874903,32.048849636672735
              34.747559179066876,32.049467668034055
              34.74792375927877,32.04977668214959
              34.74865291970256,32.05101272817743
              34.74865291970256,32.05193975174214
              34.74861043152768,32.053703620790195
              34.749855288996166,32.056300704490376
              34.751483179531874,32.057761531676206
              34.751961970865906,32.055489123752864
              34.75445168580288,32.055813756911746
              34.75579230153817,32.05662533476964
              34.75703715900665,32.057761531676206
              34.758282016475135,32.05962811024696
              34.75895232434278,32.06117003773182
              34.759814148744034,32.062793091216186
              34.76115476447933,32.06636370750685
              34.76144203927975,32.06847355161116
              34.762782655015044,32.06952845541006
              34.76347533832967,32.072771875405266
              34.763972128483424,32.07479249581593
              34.76427020257568,32.076139551280484
              34.76466763469869,32.0764763120454
              34.76506506682169,32.077991720136254
              34.766058647129206,32.08009641192149
              34.76625736319072,32.08051734446338
              34.76705222743673,32.08287453087573
              34.76784709168275,32.084979110231046
              34.76923810411326,32.087841260378895
              34.77072847457454,32.092302668589724
              34.772218845035816,32.096511344564114
              34.77360985746633,32.10013065082629
              34.77559701808137,32.102739829168144
              34.778731328726344,32.111071999903174
              34.779165484878554,32.11156231672511
              34.78292817153109,32.12136810014513
              34.78278345281369,32.12210349143507
              34.78538838972698,32.12810896515168
              34.79301112377641,32.15389052657846
              34.80593571334088,32.194797187182
              </coordinates>
           </LinearRing>
          </outerBoundaryIs>
        </Polygon>
    </Placemark>

<Placemark>
  <name>Caesarea</name>
  <Polygon>
    <outerBoundaryIs>
      <LinearRing>
        <coordinates>
34.9007609,32.5320961
34.9000702,32.5292584
34.8989544,32.5259295
34.8980961,32.524048
34.8979245,32.5228177
34.8985253,32.520357
34.8970662,32.5161593
34.8956929,32.5130471
34.895607,32.5101519
34.8928605,32.50675
34.8912297,32.5042165
34.8895989,32.5015382
34.890543,32.4998009
34.8884831,32.4980635
34.8895131,32.4969053
34.8894575,32.4939899
34.8883846,32.4929764
34.8887279,32.4916009
34.8882559,32.4905873
34.8892429,32.4891032
34.8889425,32.4860624
34.8884059,32.4829312
34.8876764,32.4821348
34.8876871,32.4810125
34.8876334,32.480569
34.8873867,32.479854
34.8870326,32.4792386
34.8871077,32.4787498
34.8869575,32.4783426
34.8864962,32.4777905
34.8861207,32.4772293
34.8874054,32.4770423
34.8934565,32.4769518
34.8949156,32.4756485
34.8969112,32.4741641
34.8978185,32.474006
34.8982047,32.474015
34.8989987,32.474187
34.8998248,32.4745219
34.9004256,32.4749563
34.9013805,32.4755809
34.9022173,32.4761873
34.9028825,32.4762597
34.9035799,32.4759701
34.9037086,32.4753274
34.9038713,32.4746804
34.9052875,32.4721823
34.9058454,32.4703901
34.9079697,32.4710418
34.9092266,32.4710911
34.9099991,32.4699325
34.9118874,32.4690997
34.9135182,32.4697514
34.9141619,32.4718152
34.9167368,32.4717066
34.9189684,32.4710911
34.9207279,32.4711635
34.9207279,32.4700773
34.920736,32.4638898
34.9219162,32.4638355
34.9228898,32.4632403
34.9239842,32.4629144
34.9250785,32.4629144
34.926087,32.4629325
34.9265591,32.4625342
34.9273101,32.4625342
34.9285332,32.4622445
34.9295632,32.4621178
34.9309579,32.4624256
34.932417,32.4629144
34.9336187,32.4626972
34.9340693,32.4629868
34.9383179,32.4634214
34.9403778,32.462842
34.9409786,32.4621902
34.9414078,32.4611401
34.9423948,32.4591486
34.9420944,32.4609591
34.9424807,32.4629506
34.9436823,32.4642904
34.9468401,32.4689181
34.9539885,32.4796072
34.9543318,32.4829378
34.9541602,32.4869922
34.9534726,32.4910205
34.9525223,32.4996383
34.9493895,32.4988782
34.9487458,32.4996021
34.9470935,32.5002717
34.9422655,32.500688
34.9391756,32.5009956
34.9387894,32.5007784
34.9378453,32.5007061
34.9366222,32.5008689
34.9342189,32.5006699
34.9327957,32.5008299
34.9300491,32.501409
34.929105,32.5029292
34.9215519,32.4849755
34.9202644,32.4801245
34.9164879,32.4813554
34.912883,32.4843239
34.9177753,32.490333
34.9182903,32.4944595
34.9157813,32.5003231
34.9120047,32.5097332
34.9117473,32.511977
34.9129489,32.5171157
34.9153521,32.5300699
34.9007609,32.5320961
        </coordinates>
      </LinearRing>
    </outerBoundaryIs>
  </Polygon>
</Placemark>
                            
    <Placemark>
      <name>Tel Jezreel Valley</name>
        <Polygon>
          <outerBoundaryIs>
            <LinearRing>
              <coordinates>
              35.19188211898747,32.573893286272394
              35.18751590161809,32.58744689161653
              35.18094704506244,32.59355396543716
              35.17007445490135,32.597752337283346
              35.16259954916562,32.60156886825796
              35.15988140162535,32.605385236647265
              35.15263300818463,32.607674979635746
              35.14470507785884,32.61263588862859
              35.14040134425341,32.61759652280323
              35.134512024582826,32.624083091251634
              35.129284088238784,32.634159878237085
              35.12979768636941,32.64050323489266
              35.12637369883189,32.64511630267109
              35.12586010070126,32.6456929194144
              35.1198681225106,32.65506242041448
              35.11798492936497,32.66010712966598
              35.109424960521174,32.672933822139285
              35.12243611316374,32.682444562399
              35.1369341707741,32.67636606847136
              35.14504553455799,32.66843688259052
              35.152633584549356,32.65984613714124
              35.1842940689961,32.650373332489856
              35.194498687950016,32.650373332489856
              35.28895682749777,32.62393229043635
              35.275873982685056,32.617981979118845
              35.261514918351146,32.602269528105126
              35.25808131373977,32.598806063589016
              35.19188211898747,32.573893286272394
              </coordinates>
           </LinearRing>
          </outerBoundaryIs>
        </Polygon>
    </Placemark>                 
  </Document>
</kml>
